"model","position","metric","legacy","corrected","difference"
"current","lower","auc",0.836586448482849,0.836585478771879,-9.69710969411786e-07
"current","lower","brier",0.0830465598042048,0.0830504661010174,3.906296812628e-06
"current","midpoint","auc",0.83661009320433,0.836610035234475,-5.79698553604402e-08
"current","midpoint","brier",0.0831397339505395,0.0831399576832099,2.23732670459609e-07
"current","upper","auc",0.836638759667441,0.836637935164813,-8.24502628615775e-07
"current","upper","brier",0.0831873058276157,0.083191887548914,4.58172129827461e-06
"prior","lower","auc",0.836833442689242,0.836832478169,-9.64520242008327e-07
"prior","lower","brier",0.0829664302403613,0.0829703302727356,3.90003237420167e-06
"prior","midpoint","auc",0.836856831602813,0.836856773863139,-5.77396744860792e-08
"prior","midpoint","brier",0.0830594268493651,0.0830596502180779,2.23368712817806e-07
"prior","upper","auc",0.83688509023311,0.836884269425501,-8.20807608770124e-07
"prior","upper","brier",0.0831069422183538,0.0831115165255278,4.57430717405727e-06
