"file","md5"
"02_Analyse/scripts/hrs_ipcw_impact_audit.R","401a6b7f1470444bd78b50dd0d4dc0de"
"02_Analyse/scripts/hrs_feasibility.R","87da5316011268f839bcec76924bccb9"
"02_Analyse/scripts/hrs_stage2.R","f8b2263cbeb949029389767eb979c336"
"02_Analyse/scripts/hrs_source_hierarchy.R","17d004980078fc1f072c791824944daa"
"02_Analyse/scripts/hrs_analysis.R","aef9cff44f38cd394f4d632b39ec0b8b"
"02_Analyse/scripts/hrs_prediction_validation.R","8015d04d4490d442fc8b73158b6ad75c"
"02_Analyse/scripts/hrs_grip_change.R","a06e1baf14bc71f530f239bdb97d67de"
"02_Analyse/scripts/hrs_grip_history.R","474aba0912c37c474c7d163e789cced6"
"02_Analyse/scripts/hrs_ml_extension.R","e9b6b7622fe50e814a1e3524f0b0408b"
"02_Analyse/scripts/hrs_reporting_patch.R","7516d1383e55c794200a161617e41306"
"03_Dokumentation/IPCW_Korrektur_2026-10-04/legacy_sources/hrs_prediction_validation.R","08f765edf37613b623a8f6b2acefcc9f"
"03_Dokumentation/IPCW_Korrektur_2026-10-04/legacy_sources/hrs_ml_extension.R","392cd9230f8388209f8e21f6cc25cf44"
