scenario,contrast,model,target,arm,reference_model,metric,mean_difference,mcse,empirical_q025,empirical_q975,successful,requested,status
interaction,augmented_minus_original,neural,current,augmented,neural,auc,-0.00182290607561627,0.000110286122646665,-0.00436229939492581,0.000279903665687809,100,100,OK
null,augmented_minus_original,neural,current,augmented,neural,auc,-0.00149674685215137,0.000125694909399491,-0.00401882574663364,0.00076151179612801,100,100,OK
small,augmented_minus_original,neural,current,augmented,neural,auc,-0.00159717248385744,0.000116019856999662,-0.00425962471006288,0.000208995896564967,100,100,OK
interaction,augmented_minus_original,neural,prior,augmented,neural,auc,-0.00148820068236954,0.000104387505819693,-0.00370419075095718,0.000176976331600436,100,100,OK
null,augmented_minus_original,neural,prior,augmented,neural,auc,-0.00130621436509711,0.00010982464210707,-0.00317903259661857,0.000504456906402216,100,100,OK
small,augmented_minus_original,neural,prior,augmented,neural,auc,-0.00189828883200445,0.000114470589371728,-0.0039187071622409,1.65719242413875e-05,100,100,OK
interaction,prior_minus_current,neural,prior,augmented,neural,auc,0.000409233049633807,0.000196467651752824,-0.00324474360402521,0.00353718147953263,100,100,OK
null,prior_minus_current,neural,prior,augmented,neural,auc,-1.18172779432168e-05,0.000135268277491285,-0.00254368236815452,0.0028609436482294,100,100,OK
small,prior_minus_current,neural,prior,augmented,neural,auc,0.00742395257624716,0.00027428574434069,0.00245998724943057,0.0132130778491306,100,100,OK
interaction,prior_minus_current,neural,prior,original,neural,auc,7.45276563870857e-05,0.000136800070416862,-0.00181183311793844,0.0032884294660922,100,100,OK
null,prior_minus_current,neural,prior,original,neural,auc,-0.000202349764997476,3.56004047855753e-05,-0.000732180295055446,0.000651396639250783,100,100,OK
small,prior_minus_current,neural,prior,original,neural,auc,0.00772506892439416,0.000273624200925454,0.0031496713319929,0.0141017606742292,100,100,OK
interaction,model_minus_weibull,neural,current,augmented,weibull,auc,0.000937770249810773,0.000168885974382723,-0.00190633109576414,0.00375966189407493,100,100,OK
null,model_minus_weibull,neural,current,augmented,weibull,auc,0.00114575228969456,0.000129576179381319,-0.00164472038720402,0.00308148395046255,100,100,OK
small,model_minus_weibull,neural,current,augmented,weibull,auc,0.00123451855769613,0.000127350916500546,-0.00146843086895237,0.00345412528290715,100,100,OK
interaction,augmented_minus_original,weibull,current,augmented,weibull,auc,-0.00257975153278082,0.000140997905913503,-0.00593062385780042,-0.000303721367102196,100,100,OK
null,augmented_minus_original,weibull,current,augmented,weibull,auc,-0.00231488199213259,0.000154834277845331,-0.0051464501644568,0.000488586183474306,100,100,OK
small,augmented_minus_original,weibull,current,augmented,weibull,auc,-0.0024662047291201,0.000147096538622636,-0.00613864296443258,0.000526448504688994,100,100,OK
interaction,model_minus_weibull,xgboost,current,augmented,weibull,auc,-0.00724095926266579,0.000313637892423027,-0.0133351661390134,-0.00218532146724845,100,100,OK
null,model_minus_weibull,xgboost,current,augmented,weibull,auc,-0.00772430349779878,0.0002644517569567,-0.0124757459495358,-0.00297045648135415,100,100,OK
small,model_minus_weibull,xgboost,current,augmented,weibull,auc,-0.00781599769616274,0.000286922854140364,-0.015165027545262,-0.00326956845727251,100,100,OK
interaction,model_minus_weibull,neural,prior,augmented,weibull,auc,0.00343402095032962,0.000233395498507176,-0.00123084650058324,0.00720676213972643,100,100,OK
null,model_minus_weibull,neural,prior,augmented,weibull,auc,0.00148304966243549,0.000138505495982815,-0.00131860685033336,0.00421958069649728,100,100,OK
small,model_minus_weibull,neural,prior,augmented,weibull,auc,0.000928378673587758,0.000159529952668787,-0.00189275860213525,0.00395486648047138,100,100,OK
interaction,augmented_minus_original,weibull,prior,augmented,weibull,auc,-0.00243743372039388,0.000159019448939352,-0.00556849227914135,0.000980627266933985,100,100,OK
null,augmented_minus_original,weibull,prior,augmented,weibull,auc,-0.0021299221001233,0.00014759968394553,-0.00463111655417091,0.00070888717439736,100,100,OK
small,augmented_minus_original,weibull,prior,augmented,weibull,auc,-0.00249912404003053,0.000156679994549641,-0.00526956121932496,0.000719002473614767,100,100,OK
interaction,prior_minus_current,weibull,prior,augmented,weibull,auc,-0.00208701765088504,0.000278138191161837,-0.00781018032937199,0.00247477570857179,100,100,OK
null,prior_minus_current,weibull,prior,augmented,weibull,auc,-0.000349114650684155,0.000167334988571107,-0.00334778123791351,0.0026828911065437,100,100,OK
small,prior_minus_current,weibull,prior,augmented,weibull,auc,0.00773009246035553,0.000313990915564653,0.00286472626110715,0.0148431552043399,100,100,OK
interaction,model_minus_weibull,xgboost,prior,augmented,weibull,auc,0.000780309709887108,0.00037014681377637,-0.00808000723943119,0.0071901844630331,100,100,OK
null,model_minus_weibull,xgboost,prior,augmented,weibull,auc,-0.00741486259396864,0.000277973082588692,-0.0115943032869502,-0.00155124126476582,100,100,OK
small,model_minus_weibull,xgboost,prior,augmented,weibull,auc,-0.00876710338916421,0.000310573755320848,-0.0152906404343948,-0.0035674773893106,100,100,OK
interaction,model_minus_weibull,neural,current,original,weibull,auc,0.000180924792646214,0.000114940854515672,-0.00185939299029545,0.00217465535493194,100,100,OK
null,model_minus_weibull,neural,current,original,weibull,auc,0.000327617149713342,7.48502046867122e-05,-0.00107434731429177,0.00175487989353273,100,100,OK
small,model_minus_weibull,neural,current,original,weibull,auc,0.000365486312433471,9.0702645905044e-05,-0.00181554102173844,0.0018057253131638,100,100,OK
interaction,model_minus_weibull,xgboost,current,original,weibull,auc,-0.00560222324373467,0.000251895543456902,-0.0104619516791714,-0.00105355334559338,100,100,OK
null,model_minus_weibull,xgboost,current,original,weibull,auc,-0.00531560389429805,0.000214528327786424,-0.00908172524499594,-0.000722022379090897,100,100,OK
small,model_minus_weibull,xgboost,current,original,weibull,auc,-0.0059078835061465,0.000231541062778166,-0.0107126234402469,-0.00199563399604071,100,100,OK
interaction,model_minus_weibull,neural,prior,original,weibull,auc,0.00248478791230528,0.00020190729543359,-0.00208690320997528,0.00626681151953979,100,100,OK
null,model_minus_weibull,neural,prior,original,weibull,auc,0.00065934192740931,9.12464465609902e-05,-0.00111196564420159,0.00229578906280421,100,100,OK
small,model_minus_weibull,neural,prior,original,weibull,auc,0.000327543465561683,0.00010805295523566,-0.00215321089097128,0.00203311478234542,100,100,OK
interaction,prior_minus_current,weibull,prior,original,weibull,auc,-0.00222933546327198,0.000203610581475929,-0.00593603977560794,0.00137207925094885,100,100,OK
null,prior_minus_current,weibull,prior,original,weibull,auc,-0.000534074542693444,7.36436063997169e-05,-0.0018507737460597,0.000948787549071372,100,100,OK
small,prior_minus_current,weibull,prior,original,weibull,auc,0.00776301177126595,0.000293744338592015,0.00325044347422204,0.0146791517753578,100,100,OK
interaction,model_minus_weibull,xgboost,prior,original,weibull,auc,0.0037327819285521,0.000373727657724154,-0.00270900571076659,0.0108132224126348,100,100,OK
null,model_minus_weibull,xgboost,prior,original,weibull,auc,-0.00504114944198343,0.000223627030951728,-0.00919656358161215,-0.000594008156947246,100,100,OK
small,model_minus_weibull,xgboost,prior,original,weibull,auc,-0.0065268458586415,0.000259181970394284,-0.0117145740697374,-0.00142427343466153,100,100,OK
interaction,augmented_minus_original,xgboost,current,augmented,xgboost,auc,-0.00421848755171195,0.000244610226689354,-0.00978554703267051,0.00137101984947654,100,100,OK
null,augmented_minus_original,xgboost,current,augmented,xgboost,auc,-0.00472358159563332,0.000250027813827458,-0.00931418918641089,-0.000240939897462625,100,100,OK
small,augmented_minus_original,xgboost,current,augmented,xgboost,auc,-0.00437431891913634,0.000250046296268583,-0.00891098532843047,-0.000449953269197618,100,100,OK
interaction,augmented_minus_original,xgboost,prior,augmented,xgboost,auc,-0.00538990593905888,0.000288152364575505,-0.0116312588727181,2.02250974462881e-05,100,100,OK
null,augmented_minus_original,xgboost,prior,augmented,xgboost,auc,-0.0045036352521085,0.000251618376957582,-0.00884268544428705,9.21633246286551e-05,100,100,OK
small,augmented_minus_original,xgboost,prior,augmented,xgboost,auc,-0.00473938157055324,0.000262150605187443,-0.00967763787728295,-0.000416095427360262,100,100,OK
interaction,prior_minus_current,xgboost,prior,augmented,xgboost,auc,0.00593425132166786,0.000399797075617806,-0.00272048544683718,0.0138343510731756,100,100,OK
null,prior_minus_current,xgboost,prior,augmented,xgboost,auc,-3.96737468540109e-05,0.000236773834913902,-0.00408962803546503,0.00420073819622025,100,100,OK
small,prior_minus_current,xgboost,prior,augmented,xgboost,auc,0.00677898676735407,0.000369863561905335,0.00083252095202018,0.0146913905812199,100,100,OK
interaction,prior_minus_current,xgboost,prior,original,xgboost,auc,0.0071056697090148,0.000344849454495898,0.000306879193537277,0.0130961103155185,100,100,OK
null,prior_minus_current,xgboost,prior,original,xgboost,auc,-0.000259620090378829,9.5545494024526e-05,-0.0022530221890735,0.00183729287098,100,100,OK
small,prior_minus_current,xgboost,prior,original,xgboost,auc,0.00714404941877096,0.000337076511820533,0.00120663385088587,0.0146140660383506,100,100,OK
interaction,augmented_minus_original,neural,current,augmented,neural,brier,0.000869298770336011,2.24177683618014e-05,0.000391954434670278,0.00124362892918519,100,100,OK
null,augmented_minus_original,neural,current,augmented,neural,brier,0.000915027697593153,2.52211907654542e-05,0.000430335931835684,0.00144564650578507,100,100,OK
small,augmented_minus_original,neural,current,augmented,neural,brier,0.000926137581366738,2.46611301171135e-05,0.000469642494443592,0.00137205177707541,100,100,OK
interaction,augmented_minus_original,neural,prior,augmented,neural,brier,0.00097285401926185,2.76785314674076e-05,0.00052725569151993,0.00151895176264557,100,100,OK
null,augmented_minus_original,neural,prior,augmented,neural,brier,0.000871811065745793,2.68157542604955e-05,0.000452478578589766,0.00140834865972628,100,100,OK
small,augmented_minus_original,neural,prior,augmented,neural,brier,0.00101818122114451,2.73423221481298e-05,0.000516161613162646,0.00158172054843876,100,100,OK
interaction,prior_minus_current,neural,prior,augmented,neural,brier,-0.00110701205752119,4.61028525065418e-05,-0.00183219550407002,-0.000130367943009717,100,100,OK
null,prior_minus_current,neural,prior,augmented,neural,brier,-1.52620062182066e-05,2.14595031261114e-05,-0.000432230524854268,0.000426451182748932,100,100,OK
small,prior_minus_current,neural,prior,augmented,neural,brier,-0.00135067016881748,4.30889889510985e-05,-0.00223218601365235,-0.000574866767674043,100,100,OK
interaction,prior_minus_current,neural,prior,original,neural,brier,-0.00121056730644703,4.50757133952887e-05,-0.00215259090328647,-0.000504736368864605,100,100,OK
null,prior_minus_current,neural,prior,original,neural,brier,2.79546256291535e-05,6.84738453796982e-06,-0.000144574858985647,0.000117880304305513,100,100,OK
small,prior_minus_current,neural,prior,original,neural,brier,-0.00144271380859525,4.62266109310878e-05,-0.00249220936617848,-0.000667748311935181,100,100,OK
interaction,model_minus_weibull,neural,current,augmented,weibull,brier,0.000337697952964186,2.76787130236492e-05,-0.000204539951512966,0.000840158796223016,100,100,OK
null,model_minus_weibull,neural,current,augmented,weibull,brier,0.000355524184288801,2.61096840467024e-05,-0.000192347913141715,0.000847297525914331,100,100,OK
small,model_minus_weibull,neural,current,augmented,weibull,brier,0.000385506132982984,2.06285968618158e-05,2.35090884237212e-05,0.000791084280806826,100,100,OK
interaction,augmented_minus_original,weibull,current,augmented,weibull,brier,0.000506767619004047,2.42285201032499e-05,2.70901325463327e-05,0.000998847188879095,100,100,OK
null,augmented_minus_original,weibull,current,augmented,weibull,brier,0.000576052780863396,2.70568176921531e-05,0.000133851346060607,0.00111843338751933,100,100,OK
small,augmented_minus_original,weibull,current,augmented,weibull,brier,0.000560281386381368,2.71130438751357e-05,4.42789590957643e-05,0.00116902184401914,100,100,OK
interaction,model_minus_weibull,xgboost,current,augmented,weibull,brier,0.00137640212484557,5.03649521202762e-05,0.000499112314062333,0.0025581783192383,100,100,OK
null,model_minus_weibull,xgboost,current,augmented,weibull,brier,0.00153285908987832,4.44991721434767e-05,0.00062191367164662,0.00240798762999032,100,100,OK
small,model_minus_weibull,xgboost,current,augmented,weibull,brier,0.00147888817085112,4.31108377815085e-05,0.000735162625370506,0.00245717375346727,100,100,OK
interaction,model_minus_weibull,neural,prior,augmented,weibull,brier,0.00114351683217236,4.5995010159251e-05,0.00038431634869182,0.00210522858952644,100,100,OK
null,model_minus_weibull,neural,prior,augmented,weibull,brier,0.000277683435167976,2.96660730530518e-05,-0.000419313055165346,0.00080863219461062,100,100,OK
small,model_minus_weibull,neural,prior,augmented,weibull,brier,0.000419514163788063,2.71301344204059e-05,-0.000209108423977277,0.000903853270264231,100,100,OK
interaction,augmented_minus_original,weibull,prior,augmented,weibull,brier,0.00040929350492218,3.04182113409042e-05,-0.000154892045666929,0.00103412962174085,100,100,OK
null,augmented_minus_original,weibull,prior,augmented,weibull,brier,0.000523058296657486,2.79196338012562e-05,-0.000109976390499971,0.00104228896719116,100,100,OK
small,augmented_minus_original,weibull,prior,augmented,weibull,brier,0.000587905747822448,2.80381456989013e-05,6.03794687342465e-05,0.00122240742511431,100,100,OK
interaction,prior_minus_current,weibull,prior,augmented,weibull,brier,-0.00191283093672937,6.69764793749084e-05,-0.00307178816437853,-0.000755439777486374,100,100,OK
null,prior_minus_current,weibull,prior,augmented,weibull,brier,6.25787429026184e-05,2.67787131418667e-05,-0.000396130419876012,0.000603803035041277,100,100,OK
small,prior_minus_current,weibull,prior,augmented,weibull,brier,-0.00138467819962256,5.11891039587095e-05,-0.00238726842593511,-0.000456998077734079,100,100,OK
interaction,model_minus_weibull,xgboost,prior,augmented,weibull,brier,3.86584831063996e-05,7.24936963621616e-05,-0.0012416737055991,0.00114390024483671,100,100,OK
null,model_minus_weibull,xgboost,prior,augmented,weibull,brier,0.00149594471890858,4.42945831292444e-05,0.000653108179151635,0.00226823051041509,100,100,OK
small,model_minus_weibull,xgboost,prior,augmented,weibull,brier,0.00170746413537585,4.60662169503195e-05,0.000779427748884151,0.00271959125974383,100,100,OK
interaction,model_minus_weibull,neural,current,original,weibull,brier,-2.48331983677771e-05,2.18555687979387e-05,-0.0004061659560306,0.000409585275620154,100,100,OK
null,model_minus_weibull,neural,current,original,weibull,brier,1.65492675590439e-05,1.83062824424708e-05,-0.000304070399365931,0.000336999921228851,100,100,OK
small,model_minus_weibull,neural,current,original,weibull,brier,1.96499379976134e-05,1.81170271266161e-05,-0.000290024764859919,0.000369077178781788,100,100,OK
interaction,model_minus_weibull,xgboost,current,original,weibull,brier,0.000979621002511251,4.56672277697205e-05,0.000160529179407484,0.00196438535253847,100,100,OK
null,model_minus_weibull,xgboost,current,original,weibull,brier,0.00102472550216651,4.26513857637831e-05,0.000255102130719913,0.00193419986909317,100,100,OK
small,model_minus_weibull,xgboost,current,original,weibull,brier,0.00107062092356365,3.94603763517768e-05,0.000349813544690532,0.00194867945212975,100,100,OK
interaction,model_minus_weibull,neural,prior,original,weibull,brier,0.000579956317832694,3.89125553948459e-05,-4.22071780250402e-05,0.00145144595466443,100,100,OK
null,model_minus_weibull,neural,prior,original,weibull,brier,-7.10693339203311e-05,2.19042812255223e-05,-0.000488830081502239,0.000291093502129048,100,100,OK
small,model_minus_weibull,neural,prior,original,weibull,brier,-1.07613095340006e-05,1.9982387023863e-05,-0.000325434137437906,0.000383769835182298,100,100,OK
interaction,prior_minus_current,weibull,prior,original,weibull,brier,-0.0018153568226475,6.53102488870913e-05,-0.00321283492264007,-0.000773368167769923,100,100,OK
null,prior_minus_current,weibull,prior,original,weibull,brier,0.000115573227108529,1.58560243662968e-05,-0.00022702937050354,0.000379547979657389,100,100,OK
small,prior_minus_current,weibull,prior,original,weibull,brier,-0.00141230256106364,5.04699086193167e-05,-0.0024746442639133,-0.000529619961773874,100,100,OK
interaction,model_minus_weibull,xgboost,prior,original,weibull,brier,-0.000711850185735067,7.47778025694034e-05,-0.00221234126065204,0.000585564895773436,100,100,OK
null,model_minus_weibull,xgboost,prior,original,weibull,brier,0.000972016159453368,4.40472277363652e-05,0.000230047564982785,0.00186134564882411,100,100,OK
small,model_minus_weibull,xgboost,prior,original,weibull,brier,0.00126381554187445,4.60525401545528e-05,0.000480819934471265,0.00211709691079385,100,100,OK
interaction,augmented_minus_original,xgboost,current,augmented,xgboost,brier,0.000903548741338366,4.27061712667285e-05,0.000107399096674914,0.00176852305521176,100,100,OK
null,augmented_minus_original,xgboost,current,augmented,xgboost,brier,0.00108418636857521,3.79152174468631e-05,0.000369706477273295,0.00166265183269638,100,100,OK
small,augmented_minus_original,xgboost,current,augmented,xgboost,brier,0.000968548633668839,4.0193859216044e-05,0.000215983644918343,0.00171950535201805,100,100,OK
interaction,augmented_minus_original,xgboost,prior,augmented,xgboost,brier,0.00115980217376365,5.29246450387459e-05,3.97866365957775e-05,0.00198358630198327,100,100,OK
null,augmented_minus_original,xgboost,prior,augmented,xgboost,brier,0.0010469868561127,3.83278051914015e-05,0.000301827311670715,0.00172945922912163,100,100,OK
small,augmented_minus_original,xgboost,prior,augmented,xgboost,brier,0.00103155434132385,4.46816658164784e-05,0.000298025671532252,0.00189094347940342,100,100,OK
interaction,prior_minus_current,xgboost,prior,augmented,xgboost,brier,-0.00325057457846854,9.340248245233e-05,-0.00488475393466068,-0.00120093633200145,100,100,OK
null,prior_minus_current,xgboost,prior,augmented,xgboost,brier,2.56643719328739e-05,3.73562303336105e-05,-0.000716359390208076,0.00089836867316584,100,100,OK
small,prior_minus_current,xgboost,prior,augmented,xgboost,brier,-0.00115610223509783,5.56908051801746e-05,-0.00229704784489695,-0.000237271852211896,100,100,OK
interaction,prior_minus_current,xgboost,prior,original,xgboost,brier,-0.00350682801089382,8.96878739001615e-05,-0.00504609958866183,-0.00197175948325725,100,100,OK
null,prior_minus_current,xgboost,prior,original,xgboost,brier,6.28638843953833e-05,1.59896583673669e-05,-0.00030203742536796,0.000338949212032708,100,100,OK
small,prior_minus_current,xgboost,prior,original,xgboost,brier,-0.00121910794275284,5.31796415189647e-05,-0.00234276955824879,-0.000346976085376972,100,100,OK
interaction,augmented_minus_original,neural,current,augmented,neural,interval_log_score,-0.00209432595009584,4.83651244919541e-05,-0.00302554792203628,-0.00101520781402772,100,100,OK
null,augmented_minus_original,neural,current,augmented,neural,interval_log_score,-0.00216491518477056,5.21291731633104e-05,-0.0033342137588621,-0.0010894953545824,100,100,OK
small,augmented_minus_original,neural,current,augmented,neural,interval_log_score,-0.00214304169223292,5.32337072254904e-05,-0.00324438769156764,-0.00114587375810394,100,100,OK
interaction,augmented_minus_original,neural,prior,augmented,neural,interval_log_score,-0.0021067890874913,6.04336643814042e-05,-0.00331443565326889,-0.0010731705996854,100,100,OK
null,augmented_minus_original,neural,prior,augmented,neural,interval_log_score,-0.00204338200736867,5.62380827128014e-05,-0.00313468204302377,-0.00113471837100301,100,100,OK
small,augmented_minus_original,neural,prior,augmented,neural,interval_log_score,-0.00237460815659116,5.81199810518142e-05,-0.00352108071180461,-0.00143722967769722,100,100,OK
interaction,prior_minus_current,neural,prior,augmented,neural,interval_log_score,0.00179152652519006,9.3408769487114e-05,-0.000362841054692015,0.00340151616554596,100,100,OK
null,prior_minus_current,neural,prior,augmented,neural,interval_log_score,4.76996698682286e-05,4.93287074907017e-05,-0.000881991817696393,0.000984413914825121,100,100,OK
small,prior_minus_current,neural,prior,augmented,neural,interval_log_score,0.0030521403190899,9.62524737786872e-05,0.00131830562204395,0.00502575036267326,100,100,OK
interaction,prior_minus_current,neural,prior,original,neural,interval_log_score,0.00180398966258551,8.29000250050786e-05,0.000561406877644782,0.0036597687037842,100,100,OK
null,prior_minus_current,neural,prior,original,neural,interval_log_score,-7.38335075336582e-05,1.31373801361679e-05,-0.00027904395902158,0.00024003665717488,100,100,OK
small,prior_minus_current,neural,prior,original,neural,interval_log_score,0.00328370678344814,0.000102524479761072,0.00151256764622987,0.00542440349196046,100,100,OK
interaction,model_minus_weibull,neural,current,augmented,weibull,interval_log_score,-0.00103219199647118,6.28833535440355e-05,-0.00210705933499748,0.000242751676417851,100,100,OK
null,model_minus_weibull,neural,current,augmented,weibull,interval_log_score,-0.000872904261858569,5.54194281931184e-05,-0.00177748383266093,0.000312683553024101,100,100,OK
small,model_minus_weibull,neural,current,augmented,weibull,interval_log_score,-0.000934025038201032,4.53228368717934e-05,-0.00186118080344065,-0.000239319659170939,100,100,OK
interaction,augmented_minus_original,weibull,current,augmented,weibull,interval_log_score,-0.0012713182009964,5.32675877867503e-05,-0.00225956326002676,-0.000191362163805703,100,100,OK
null,augmented_minus_original,weibull,current,augmented,weibull,interval_log_score,-0.00142683421770159,5.30680819175708e-05,-0.00251637601300957,-0.000497559657152219,100,100,OK
small,augmented_minus_original,weibull,current,augmented,weibull,interval_log_score,-0.00133176103034116,5.55794147066286e-05,-0.00265718627561928,-0.000277651947291696,100,100,OK
interaction,model_minus_weibull,xgboost,current,augmented,weibull,interval_log_score,-0.00361831648886015,0.000115059856327478,-0.00607793467572632,-0.00149030293644047,100,100,OK
null,model_minus_weibull,xgboost,current,augmented,weibull,interval_log_score,-0.00347325164247513,0.000103956728895994,-0.00527268160685275,-0.00120777441254787,100,100,OK
small,model_minus_weibull,xgboost,current,augmented,weibull,interval_log_score,-0.00336448408958694,9.39874730822256e-05,-0.00537083762793506,-0.00164627580863155,100,100,OK
interaction,model_minus_weibull,neural,prior,augmented,weibull,interval_log_score,-0.00304221343121065,0.00011026964292865,-0.00519854526780442,-0.00137392500797754,100,100,OK
null,model_minus_weibull,neural,prior,augmented,weibull,interval_log_score,-0.000701616984372602,6.28976431875435e-05,-0.00182476816139653,0.000656478442006772,100,100,OK
small,model_minus_weibull,neural,prior,augmented,weibull,interval_log_score,-0.00104550630078796,6.08635281727173e-05,-0.00201570944559141,0.000296294251102956,100,100,OK
interaction,augmented_minus_original,weibull,prior,augmented,weibull,interval_log_score,-0.0013454486693245,6.7590468230975e-05,-0.00275745788099785,-0.000123014304096293,100,100,OK
null,augmented_minus_original,weibull,prior,augmented,weibull,interval_log_score,-0.00127406684980412,5.50518374476487e-05,-0.00227307800156995,-4.22185987010566e-05,100,100,OK
small,augmented_minus_original,weibull,prior,augmented,weibull,interval_log_score,-0.00142633309280567,5.86861111298788e-05,-0.00248575870374355,-0.000321396547700232,100,100,OK
interaction,prior_minus_current,weibull,prior,augmented,weibull,interval_log_score,0.00380154795992953,0.000141486881648412,0.00113055524615264,0.00628875558703841,100,100,OK
null,prior_minus_current,weibull,prior,augmented,weibull,interval_log_score,-0.000123587607617739,6.08866345052167e-05,-0.0015060706644526,0.000948373505707633,100,100,OK
small,prior_minus_current,weibull,prior,augmented,weibull,interval_log_score,0.00316362158167683,0.000116652105331248,0.000986610505876667,0.00549913502226529,100,100,OK
interaction,model_minus_weibull,xgboost,prior,augmented,weibull,interval_log_score,-0.000171116689033557,0.000168177568165155,-0.003536430642469,0.00280292984693786,100,100,OK
null,model_minus_weibull,xgboost,prior,augmented,weibull,interval_log_score,-0.00342207013683247,9.93033090668187e-05,-0.00532336982402177,-0.0015614108156238,100,100,OK
small,model_minus_weibull,xgboost,prior,augmented,weibull,interval_log_score,-0.00391067077077641,9.95731613867182e-05,-0.00599136995291775,-0.00228020339782805,100,100,OK
interaction,model_minus_weibull,neural,current,original,weibull,interval_log_score,-0.000209184247371748,5.21420202209729e-05,-0.00123330461860456,0.000716326668239009,100,100,OK
null,model_minus_weibull,neural,current,original,weibull,interval_log_score,-0.000134823294789608,3.97354361677643e-05,-0.000828045340098449,0.00052414895867639,100,100,OK
small,model_minus_weibull,neural,current,original,weibull,interval_log_score,-0.000122744376309274,3.7443130289401e-05,-0.000827555074826669,0.000500835307360464,100,100,OK
interaction,model_minus_weibull,xgboost,current,original,weibull,interval_log_score,-0.00271437553163836,0.000107038621098781,-0.00521595800400304,-0.000594901840376854,100,100,OK
null,model_minus_weibull,xgboost,current,original,weibull,interval_log_score,-0.00238619614166037,8.92583940949801e-05,-0.00407580440066819,-0.000769372709531094,100,100,OK
small,model_minus_weibull,xgboost,current,original,weibull,interval_log_score,-0.00243400146798583,8.80374052501859e-05,-0.00405227543154705,-0.000425303754694752,100,100,OK
interaction,model_minus_weibull,neural,prior,original,weibull,interval_log_score,-0.00228087301304386,0.000100794166051573,-0.00447421517669699,-0.000516562980125025,100,100,OK
null,model_minus_weibull,neural,prior,original,weibull,interval_log_score,6.76981731919435e-05,5.02342680213608e-05,-0.000837906860311111,0.000975862276937628,100,100,OK
small,model_minus_weibull,neural,prior,original,weibull,interval_log_score,-9.72312370024797e-05,4.10562161797519e-05,-0.000883578477236235,0.000684742104488772,100,100,OK
interaction,prior_minus_current,weibull,prior,original,weibull,interval_log_score,0.00387567842825763,0.000139247625339066,0.00154845496505529,0.00686443785904174,100,100,OK
null,prior_minus_current,weibull,prior,original,weibull,interval_log_score,-0.00027635497551521,3.28102503685914e-05,-0.000809896709890351,0.000398979600760363,100,100,OK
small,prior_minus_current,weibull,prior,original,weibull,interval_log_score,0.00325819364414134,0.000110021942219129,0.0011554963714563,0.0056485019504826,100,100,OK
interaction,model_minus_weibull,xgboost,prior,original,weibull,interval_log_score,0.00132308679831605,0.000193473124862811,-0.00277505919514197,0.00531464622626702,100,100,OK
null,model_minus_weibull,xgboost,prior,original,weibull,interval_log_score,-0.0022503432143551,9.15777175221662e-05,-0.00391161206950426,-0.000467159187289995,100,100,OK
small,model_minus_weibull,xgboost,prior,original,weibull,interval_log_score,-0.00289907807123287,0.000101895266628258,-0.00478392315383506,-0.00093915711430429,100,100,OK
interaction,augmented_minus_original,xgboost,current,augmented,xgboost,interval_log_score,-0.00217525915821819,8.83690188488157e-05,-0.00387291302157273,-0.000596122745029659,100,100,OK
null,augmented_minus_original,xgboost,current,augmented,xgboost,interval_log_score,-0.00251388971851636,8.28759082903575e-05,-0.00390444043255688,-0.000918159837980698,100,100,OK
small,augmented_minus_original,xgboost,current,augmented,xgboost,interval_log_score,-0.00226224365194227,8.52357383414467e-05,-0.00383221217242591,-0.000824206804352756,100,100,OK
interaction,augmented_minus_original,xgboost,prior,augmented,xgboost,interval_log_score,-0.00283965215667411,0.000126925946747671,-0.00529726748956945,-0.000231474311438818,100,100,OK
null,augmented_minus_original,xgboost,prior,augmented,xgboost,interval_log_score,-0.0024457937722815,8.62921978056458e-05,-0.00396318065458183,-0.000881306267009136,100,100,OK
small,augmented_minus_original,xgboost,prior,augmented,xgboost,interval_log_score,-0.00243792579234921,9.63307367308495e-05,-0.00419085198790506,-0.000851753789779581,100,100,OK
interaction,prior_minus_current,xgboost,prior,augmented,xgboost,interval_log_score,0.00724874775975612,0.00021637520954584,0.0023514472038327,0.0105805405737837,100,100,OK
null,prior_minus_current,xgboost,prior,augmented,xgboost,interval_log_score,-7.24061019750777e-05,8.34770753281266e-05,-0.00174816895193532,0.00152485990895131,100,100,OK
small,prior_minus_current,xgboost,prior,augmented,xgboost,interval_log_score,0.00261743490048736,0.000124112670596824,0.000611681608136383,0.0050866476330513,100,100,OK
interaction,prior_minus_current,xgboost,prior,original,xgboost,interval_log_score,0.00791314075821204,0.000219100818627666,0.0040556323624545,0.0122620226906939,100,100,OK
null,prior_minus_current,xgboost,prior,original,xgboost,interval_log_score,-0.000140502048209934,3.52181041761918e-05,-0.000661361142070393,0.00065736846309592,100,100,OK
small,prior_minus_current,xgboost,prior,original,xgboost,interval_log_score,0.0027931170408943,0.000123933583048041,0.000606824887943064,0.00532404568936863,100,100,OK
