metric,target,apparent,optimism_corrected,ci_lower,ci_upper,outer_success,nested_success,status
brier,current,0.0831399576832099,0.0835660569772518,0.0783649272727287,0.0897566268710609,200,200,OK
brier,prior,0.0830596502180779,0.0836202531904509,0.0783457959105119,0.0896030778629311,200,200,OK
brier,prior_minus_current,-8.03074651320179e-05,5.41962131990759e-05,-0.000370675599712974,0.000176224436513377,200,200,OK
auc,current,0.836610035234475,0.83466822286898,0.821810093453295,0.846899976218521,200,200,OK
auc,prior,0.836856773863139,0.834350395670585,0.822134043730291,0.847011099752602,200,200,OK
auc,prior_minus_current,0.000246738628663534,-0.000317827198395126,-0.000902253169205844,0.00107731243011995,200,200,OK
calibration_intercept,current,0.0237679765135614,0.0266509337955554,0.0107700003112281,0.0383276085984103,200,200,OK
calibration_intercept,prior,0.0242623729121078,0.0266481597850219,0.0110300400823584,0.0390140949515076,200,200,OK
calibration_intercept,prior_minus_current,0.00049439639854635,-2.77401053349127e-06,-0.000966287270100351,0.00169829111061467,200,200,OK
calibration_slope,current,1.04127529790014,1.02817225125749,0.996070277269317,1.05553670386333,200,200,OK
calibration_slope,prior,1.04235365948275,1.02516921946207,0.989685568315566,1.05235991230321,200,200,OK
calibration_slope,prior_minus_current,0.00107836158261643,-0.00300303179541905,-0.00866830541301071,0.00368599331936649,200,200,OK
interval_log_score,current,-0.622112110098183,-0.623379917493606,-0.670902265023275,-0.582949666354408,200,200,OK
interval_log_score,prior,-0.621804128815148,-0.623514718437923,-0.670956018566927,-0.583266979440238,200,200,OK
interval_log_score,prior_minus_current,0.000307981283035885,-0.000134800944317393,-0.000430536995293734,0.000725109817529315,200,200,OK
