conditioning,change_kg,risk5,risk_difference,risk_ci_lower,risk_ci_upper,rd_ci_lower,rd_ci_upper,bootstrap_success,bootstrap_requested,status
Earlier grip fixed,-8,0.1697309235172,0.0722286829871246,0.152431132970492,0.186959988220361,0.0519031881484705,0.0911926741591932,500,500,OK
Earlier grip fixed,-7,0.160667989936598,0.0631657494065222,0.145071937491757,0.176371075327391,0.0445117796387086,0.0803775483052889,500,500,OK
Earlier grip fixed,-6,0.151372408885195,0.0538701683551195,0.137715242561926,0.165835834269628,0.0378274330137289,0.0690042726900103,500,500,OK
Earlier grip fixed,-5,0.14190864330691,0.0444064027768342,0.129930886935649,0.155005978959081,0.0311120271789401,0.0574266744161686,500,500,OK
Earlier grip fixed,-4,0.132345285108159,0.0348430445780835,0.121340745891611,0.143897772506809,0.024376693310444,0.0450723033837802,500,500,OK
Earlier grip fixed,-3,0.122810804885589,0.0253085643555135,0.113610927195234,0.132628199181875,0.0177772310605483,0.0325093681831421,500,500,OK
Earlier grip fixed,-2,0.113633870057872,0.0161316295277968,0.104889156407233,0.123155394606496,0.0114171222006441,0.0205995010402097,500,500,OK
Earlier grip fixed,-1,0.105122894063715,0.00762065353363924,0.0963564361826018,0.114659038661482,0.00552717482483303,0.00967575712979463,500,500,OK
Earlier grip fixed,0,0.0975022405300754,0,0.0879346871833034,0.107597555465022,0,0,500,500,OK
Earlier grip fixed,1,0.090804552548452,-0.00669768798162335,0.0804201193560137,0.101255823307799,-0.00853465156125551,-0.00509542588926187,500,500,OK
Earlier grip fixed,2,0.0849224657813672,-0.0125797747487082,0.074485275469946,0.095608686999605,-0.0160705874952846,-0.00965568877535145,500,500,OK
Earlier grip fixed,3,0.0797569211565198,-0.0177453193735556,0.0687679300973829,0.0902166012381362,-0.022752839337578,-0.0135243362743051,500,500,OK
Earlier grip fixed,4,0.0752218231162112,-0.0222804174138642,0.0634824176182431,0.0857675006615124,-0.0288168065975616,-0.0166899774586482,500,500,OK
Current grip fixed,-8,0.124847250141771,0.00744862661358817,0.114357967418568,0.136062802999526,-0.00435635620136861,0.0214332364292856,500,500,OK
Current grip fixed,-7,0.123984589420015,0.00658596589183154,0.114336716607205,0.133852931014243,-0.00393359245269299,0.0185765976387583,500,500,OK
Current grip fixed,-6,0.1231259007893,0.00572727726111671,0.114316289610616,0.131885219429997,-0.00324596480880223,0.0159385941083762,500,500,OK
Current grip fixed,-5,0.122257971184363,0.00485934765617951,0.113365097642649,0.130445033128297,-0.00272166421708769,0.01331758690713,500,500,OK
Current grip fixed,-4,0.121368676012202,0.00397005248401869,0.1125204110302,0.12969016273091,-0.00216416020937285,0.0106384524055428,500,500,OK
Current grip fixed,-3,0.120447074768017,0.00304845123983431,0.112078651054699,0.128751446755488,-0.00164731898606866,0.00797313792034025,500,500,OK
Current grip fixed,-2,0.119483543406482,0.00208491987829863,0.110920595689631,0.127655188966308,-0.00113238836029337,0.00540762780785304,500,500,OK
Current grip fixed,-1,0.118469686879234,0.00107106335105109,0.109432432924923,0.127144307873454,-0.000612794448623025,0.00273240744024359,500,500,OK
Current grip fixed,0,0.117398623528183,0,0.10704790200183,0.126815759397842,0,0,500,500,OK
Current grip fixed,1,0.116264580452346,-0.00113404307583724,0.105082383938053,0.126557954696745,-0.00281725125845232,0.000595983525725711,500,500,OK
Current grip fixed,2,0.115063040662353,-0.00233558286583008,0.102634598779166,0.126477982009565,-0.005701388054483,0.00113167023547118,500,500,OK
Current grip fixed,3,0.113790824735456,-0.00360779879272666,0.100429763876747,0.126110917327722,-0.00871864650307476,0.0017207399342698,500,500,OK
Current grip fixed,4,0.112446011861472,-0.00495261166671138,0.0976852179565878,0.125727923304839,-0.0118466664299453,0.00234438538583915,500,500,OK
