fraction,model,target,arm,auc,auc_lower,auc_upper,brier,brier_lower,brier_upper,interval_log_score,log_score_lower,log_score_upper,calibration_intercept,calibration_slope,auc_lower_position,auc_upper_position,brier_lower_position,brier_upper_position,uncertainty,status
0.5,weibull,current,original,0.830607130872178,0.814110307973452,0.845235790363878,0.0842855945434484,0.0793367677494939,0.0896865089402892,-0.626309635127265,-0.664357261348094,-0.591461337056832,0.0468661069810983,0.996253210440219,0.830588769748387,0.830635541374132,0.0841942768197379,0.084339558744065,conditional_OOF_household_bootstrap,OK
0.5,neural,current,original,0.83090796762476,0.814599856897148,0.845851189096847,0.084449775063492,0.0796015187973549,0.0896776659997517,-0.627787969050356,-0.664852428895107,-0.593003003362594,-0.00865453728310836,1.12189458538942,0.830891112109202,0.830933428147143,0.084357168194042,0.0845052612814743,conditional_OOF_household_bootstrap,OK
0.5,xgboost,current,original,0.816292251459631,0.79907897785452,0.83222711351411,0.0865608848586404,0.0817570313096348,0.0920668674374466,-0.635592248457311,-0.673697080132155,-0.600855585855892,0.00140613464881968,1.09578521928348,0.816270878730074,0.816321027147286,0.0864650482044546,0.0866178399564162,conditional_OOF_household_bootstrap,OK
0.5,weibull,prior,original,0.829469119056705,0.812298677643796,0.844091940999221,0.0844689580848032,0.0795122421893075,0.0899271291121096,-0.626948982315993,-0.664876145246936,-0.592258556897042,0.0452788056695283,0.982799003018995,0.829450746347901,0.829497494742621,0.0843779685109358,0.0845229631276529,conditional_OOF_household_bootstrap,OK
0.5,neural,prior,original,0.830802739373146,0.814736216387327,0.845513581095488,0.0844953522607566,0.0796151283200267,0.0897434598058288,-0.627911016307646,-0.66501591401656,-0.593228277787088,-0.00874402346025084,1.11952839662657,0.830785662128223,0.830828162774975,0.0844028054588237,0.0845508198845943,conditional_OOF_household_bootstrap,OK
0.5,xgboost,prior,original,0.816163540430995,0.799060863445829,0.832836848433609,0.0866380699339719,0.0818600246802966,0.0921021279271705,-0.636009455666592,-0.674093764157276,-0.600916233342375,-0.00527841747107039,1.13750603314033,0.816143904615501,0.816191904505428,0.086541464042326,0.0866954208253708,conditional_OOF_household_bootstrap,OK
0.5,weibull,current,augmented,0.829601507729139,0.812460698685475,0.844340389070578,0.0849524295558074,0.0799621222973241,0.0906722601277118,-0.629326236681087,-0.667294678314204,-0.594922561871632,0.0407919023515586,1.17997630140192,0.829584673320854,0.829628180732434,0.0848567485613958,0.085008916379817,conditional_OOF_household_bootstrap,OK
0.5,neural,current,augmented,0.826117450971453,0.809997549346639,0.841342507515352,0.0863842140798598,0.0814576158337979,0.091862841064344,-0.63397098014018,-0.671465290158722,-0.599508485121707,-0.00321667419900583,1.30050479531542,0.82610160448467,0.826142873244113,0.0862848496751119,0.0864440306599743,conditional_OOF_household_bootstrap,OK
0.5,xgboost,current,augmented,0.810258876851678,0.792631044664713,0.82682333785297,0.087423816631059,0.0822667204418306,0.0930697608649555,-0.639320659905388,-0.678018078908766,-0.603686405077849,-0.000140428452559607,1.08099361132379,0.810245181509209,0.810283569876762,0.0873274222756455,0.0874806500814382,conditional_OOF_household_bootstrap,OK
0.5,weibull,prior,augmented,0.827079037301901,0.810898142218387,0.841845136233775,0.0849659514831598,0.0800976883891057,0.0905709140852557,-0.629537888141183,-0.667642135321812,-0.595577874689126,0.0384168096155563,1.15324260525514,0.827060356743942,0.827108387636942,0.0848708080841807,0.0850219605334048,conditional_OOF_household_bootstrap,OK
0.5,neural,prior,augmented,0.825455735942982,0.810140088790937,0.840612415384049,0.0861029373294491,0.0812762617969484,0.091439886556426,-0.633315330654309,-0.67135626694758,-0.59895910170312,-0.00536443136484747,1.2831807660212,0.825438239800812,0.825482865847305,0.0860044286070776,0.0861619176240013,conditional_OOF_household_bootstrap,OK
0.5,xgboost,prior,augmented,0.807676321616034,0.790487675785848,0.823811156271431,0.0879498834918197,0.0829076720916893,0.0936830196351263,-0.641139664415359,-0.679870154324221,-0.606323522250341,-0.00551812462067496,1.10145987012225,0.807656338276139,0.807708318631815,0.0878519814029856,0.0880071317656715,conditional_OOF_household_bootstrap,OK
0.75,weibull,current,original,0.83264878847833,0.816472282583042,0.847501531291155,0.0838447423632069,0.0787486852684154,0.0893682162116864,-0.625178108509236,-0.663286367447481,-0.590041987265879,0.0317100010456186,1.02399808273931,0.832627680255669,0.832679169640958,0.0837526480537658,0.0838970446875305,conditional_OOF_household_bootstrap,OK
0.75,neural,current,original,0.831753757553613,0.815819614753211,0.845900168077297,0.0841919321301732,0.0793633371928743,0.0894205524590985,-0.627464798471321,-0.664442732011771,-0.592756840737566,-0.0219842196507822,1.14847375000393,0.83173431682679,0.831780463051179,0.0840983930492822,0.084245973300651,conditional_OOF_household_bootstrap,OK
0.75,xgboost,current,original,0.821611358780783,0.805118408049098,0.83642983146415,0.085661011523713,0.0807459816573131,0.0911855676099435,-0.632817406498349,-0.670468188716614,-0.596998260134639,-0.00554271797426852,1.03534711140098,0.821587555156912,0.821643271253853,0.0855673758106926,0.085714131502308,conditional_OOF_household_bootstrap,OK
0.75,weibull,prior,original,0.83250123376357,0.816281025096277,0.847467775218486,0.0838989391589013,0.07882204974875,0.0894355675580184,-0.625297919983779,-0.663243865193754,-0.590425118465984,0.0313127489395938,1.0188741028416,0.832480582778163,0.832531054995925,0.083807093313104,0.083951270867339,conditional_OOF_household_bootstrap,OK
0.75,neural,prior,original,0.831611203973339,0.815639864183938,0.845705420294094,0.0842558504023153,0.079433526527967,0.0895080505284133,-0.62759841164329,-0.664581402834087,-0.59293604772607,-0.0223247980907144,1.14603268562809,0.831591432122449,0.831637703008283,0.0841623464695043,0.0843099115229811,conditional_OOF_household_bootstrap,OK
0.75,xgboost,prior,original,0.823201507154367,0.807023791729226,0.837647241878237,0.0858532672738701,0.0810317068787643,0.0911295635631555,-0.632351277968751,-0.669642326254927,-0.597686817442952,-0.0143012552213777,1.0871566675984,0.823179043923615,0.823231964569235,0.0857582980608064,0.08590731661234,conditional_OOF_household_bootstrap,OK
0.75,weibull,current,augmented,0.83153653106709,0.815582128914876,0.846368447923062,0.0841860921007081,0.0792887314023249,0.089676741197895,-0.626859970849852,-0.664789796556444,-0.592666896652606,0.0268766456574037,1.13668612713203,0.831514465894386,0.831567205569222,0.0840915837794873,0.0842394518549762,conditional_OOF_household_bootstrap,OK
0.75,neural,current,augmented,0.828936705690199,0.813551343542719,0.84399051345883,0.0850307696083305,0.0802734766072579,0.0903239596759183,-0.630244619880032,-0.667704238447099,-0.595713843475321,-0.0176099341403511,1.25364387450473,0.828916034426594,0.828964675207145,0.0849337624413314,0.085086716388777,conditional_OOF_household_bootstrap,OK
0.75,xgboost,current,augmented,0.816745966286124,0.800422597320097,0.832216081887924,0.0862052386889234,0.0813523072121328,0.0918720827799471,-0.634559293272176,-0.672941382727719,-0.599370479290735,0.00100226210263052,1.06380025628307,0.816721266313168,0.816778465058264,0.0861100313616779,0.0862590747569958,conditional_OOF_household_bootstrap,OK
0.75,weibull,prior,augmented,0.830287417575789,0.814705195944264,0.844838368164062,0.0845763183973168,0.0797265842933612,0.090107048586248,-0.628514565320452,-0.66663026173954,-0.594423182664603,0.0122804821096832,1.1777846467297,0.830266864916639,0.830317636628341,0.0844806256405772,0.0846306690103534,conditional_OOF_household_bootstrap,OK
0.75,neural,prior,augmented,0.827507100268646,0.811987033074245,0.842196181376929,0.0854878975069665,0.0807997084374227,0.0907278625599708,-0.631811431263155,-0.669409639669088,-0.597697533964653,-0.0329249481419775,1.2899455341347,0.827486014152244,0.827535049131621,0.0853900235227495,0.0855446428688257,conditional_OOF_household_bootstrap,OK
0.75,xgboost,prior,augmented,0.815516557319184,0.799832552155522,0.831057646012654,0.0859989317776183,0.0810326898358085,0.091358392400012,-0.634397041825254,-0.67230408608206,-0.599474268993214,-0.018799349094836,1.08711198531733,0.815491766436644,0.815550540516656,0.0859036976671507,0.0860529895107232,conditional_OOF_household_bootstrap,OK
1,weibull,current,original,0.832831750508272,0.816705356913112,0.847777435395398,0.0838277448924374,0.0787644158863484,0.0893573327610571,-0.624895975343503,-0.663030621147731,-0.589333302704075,0.0238124599134156,1.01823544979523,0.832805597323704,0.832861637027589,0.0837366461760792,0.0838805484739568,conditional_OOF_household_bootstrap,OK
1,neural,current,original,0.832401410634961,0.816941885220825,0.846452313656961,0.0840138280693701,0.0790908304339923,0.0893211870409963,-0.626737353590431,-0.663754451336766,-0.59186804661396,-0.0290799098897479,1.13526178018836,0.832377177305376,0.832427958325401,0.0839215247559422,0.0840683640231915,conditional_OOF_household_bootstrap,OK
1,xgboost,current,original,0.825123145219903,0.809062689043339,0.840210633457676,0.0848389257428184,0.0797272971017491,0.0903383930302645,-0.62942108189813,-0.667285895949517,-0.59388959594561,-0.00431579857574413,1.01935070250383,0.825096266612097,0.825153583210594,0.0847475230908222,0.0848915641472199,conditional_OOF_household_bootstrap,OK
1,weibull,prior,original,0.832703770540213,0.81631012689276,0.847895013608764,0.0838361591271209,0.0787822367777513,0.0893980192409641,-0.624882662897364,-0.663104449215988,-0.589528397010599,0.0233511528670897,1.01524605824566,0.832678170238096,0.832733020842748,0.0837452732069028,0.0838889449176928,conditional_OOF_household_bootstrap,OK
1,neural,prior,original,0.832257642566195,0.816806232316334,0.846343255591219,0.0840466533242957,0.0791192349514945,0.0893403836308391,-0.626821251230572,-0.663820321547423,-0.591953981401977,-0.0284752350171268,1.13389941072482,0.832233276414835,0.832284189084567,0.0839543141894069,0.084101214724994,conditional_OOF_household_bootstrap,OK
1,xgboost,prior,original,0.824533993947884,0.807957122251733,0.839724239214813,0.0848490842040267,0.0798147418513699,0.0903087718942287,-0.629759162303416,-0.667572133183306,-0.594342602702953,-0.00932534291377138,1.02809547499955,0.824507670507896,0.824563259112234,0.0847576728083312,0.0849018489102372,conditional_OOF_household_bootstrap,OK
1,weibull,current,augmented,0.830030703838929,0.81336546426031,0.845472143717512,0.0842110127806615,0.0793687666190999,0.0897355135431596,-0.627370448616101,-0.665546778612891,-0.592516426052137,0.0163281251865371,1.18036900898532,0.830002803045731,0.830061706282355,0.0841166941353039,0.0842655137215528,conditional_OOF_household_bootstrap,OK
1,neural,current,augmented,0.8285776829458,0.812871364498148,0.84373147007047,0.0853214646376566,0.0805349982494291,0.0905686994794947,-0.631160194514024,-0.668504504917872,-0.596529919699987,-0.0215804376540219,1.30962544587842,0.828551591919329,0.828605891047295,0.0852237875665281,0.0853793433085345,conditional_OOF_household_bootstrap,OK
1,xgboost,current,augmented,0.820348575752308,0.804032920942672,0.836175990930857,0.0854183799571579,0.0805542592406021,0.0909587580731239,-0.632008485939232,-0.670141032935998,-0.597575156781386,-0.00586472656183374,1.10803764971106,0.820319569036221,0.820380680765742,0.0853247344522829,0.0854721687852146,conditional_OOF_household_bootstrap,OK
1,weibull,prior,augmented,0.829599843808962,0.812985996718193,0.844544852921534,0.0842663935029581,0.0793243812970889,0.0897328500111991,-0.628050883869221,-0.666429729703653,-0.593013175713368,0.0132552733777139,1.18099822064033,0.829571573100285,0.829630060823869,0.0841721038615221,0.0843209245113819,conditional_OOF_household_bootstrap,OK
1,neural,prior,augmented,0.828239218465863,0.812748050900721,0.843052091108409,0.0853334859968693,0.080572008390591,0.0905925018527263,-0.631383135896109,-0.668965206292025,-0.596973811294775,-0.0339422746129187,1.29940341882308,0.82821314408314,0.828266846765305,0.0852364467196842,0.0853909433706146,conditional_OOF_household_bootstrap,OK
1,xgboost,prior,augmented,0.8176767796473,0.801296108803206,0.833896006833588,0.0858902925301393,0.0810516711246516,0.0913820628748446,-0.63363793843745,-0.671898427451692,-0.599090280576466,-0.0249966980267046,1.10717937432918,0.817649355007599,0.817708107258811,0.0857963727060545,0.0859442044245033,conditional_OOF_household_bootstrap,OK
