kind,arm,change_kg,risk5,risk_difference,risk_lower,risk_upper,rd_lower,rd_upper,successful,requested,status
change,original,-8,0.1697309235172,0.0722286829871245,0.152752456487094,0.188212238784113,0.0514119289456966,0.093282083686718,500,500,OK
change,original,-7,0.160667989936598,0.0631657494065222,0.145967406608075,0.17760067890369,0.0443457018365521,0.0814296826256161,500,500,OK
change,original,-6,0.151372408885195,0.0538701683551196,0.138242215489342,0.166188151877306,0.0370393143350481,0.0694866569824943,500,500,OK
change,original,-5,0.14190864330691,0.0444064027768342,0.130295853307958,0.154947503831829,0.0301630744149045,0.0572404606991924,500,500,OK
change,original,-4,0.132345285108159,0.0348430445780835,0.122655141902296,0.143359256163332,0.0236021005367825,0.0449924557655471,500,500,OK
change,original,-3,0.122810804885589,0.0253085643555134,0.113738343243397,0.132529690876205,0.0173126375752874,0.0324987798243689,500,500,OK
change,original,-2,0.113633870057872,0.0161316295277968,0.104651355204564,0.122140369372437,0.011313263523047,0.020624735194557,500,500,OK
change,original,-1,0.105122894063715,0.00762065353363914,0.0962090289744012,0.114059606817338,0.00551308928715708,0.00972243458346418,500,500,OK
change,original,0,0.0975022405300754,0,0.0888739214039681,0.107257198429645,0,0,500,500,OK
change,original,1,0.0908045525484521,-0.00669768798162336,0.0818496575931342,0.101065908405201,-0.00848872458000697,-0.00495477180762527,500,500,OK
change,original,2,0.0849224657813673,-0.0125797747487082,0.0754891269423382,0.095824662325503,-0.0158052243123741,-0.00924784689199806,500,500,OK
change,original,3,0.0797569211565198,-0.0177453193735556,0.069773924195147,0.0910217027695804,-0.0224606183444074,-0.0129609332099257,500,500,OK
change,original,4,0.0752218231162113,-0.0222804174138642,0.0646649719992617,0.0873549389746977,-0.0290474701528146,-0.015982749452165,500,500,OK
change,augmented,-8,0.143149253398858,0.0310452168777366,0.132073403997436,0.163162967630835,0.0245424116519342,0.0531080205108936,500,500,OK
change,augmented,-7,0.13899666418238,0.0268926276612587,0.128244376890822,0.157448060721893,0.0211206507806312,0.0470361887349097,500,500,OK
change,augmented,-6,0.134845505782248,0.0227414692611265,0.124422649496384,0.151440919900423,0.0175333293635659,0.0407558905865484,500,500,OK
change,augmented,-5,0.130699422794191,0.0185953862730696,0.120666600756201,0.145011394001803,0.0143807270516397,0.0339554598671103,500,500,OK
change,augmented,-4,0.126562232424869,0.0144581959037483,0.117063237915322,0.13916760536593,0.0112056337082814,0.0271071322615928,500,500,OK
change,augmented,-3,0.122470549360448,0.0103665128393265,0.113255512304808,0.13307422523008,0.00815411454397953,0.0199720910109969,500,500,OK
change,augmented,-2,0.118584479974165,0.00648044345304391,0.108728837425053,0.126954086616441,0.00520600150698138,0.0128309700846838,500,500,OK
change,augmented,-1,0.115078053613227,0.00297401709210619,0.103924381067924,0.122265736039324,0.00249869645646139,0.00609545016311832,500,500,OK
change,augmented,0,0.112104036521121,0,0.0989847693176136,0.118343536062805,0,0,500,500,OK
change,augmented,1,0.109712480474455,-0.00239155604666635,0.0946062541813525,0.11509897574969,-0.00528539347032109,-0.00235558852627706,500,500,OK
change,augmented,2,0.10786395111423,-0.00424008540689072,0.0902963608969594,0.111791360735729,-0.00996762794890675,-0.00440344426571387,500,500,OK
change,augmented,3,0.106522402641166,-0.00558163387995481,0.0867833706732741,0.109340437704015,-0.0142910997777185,-0.00605890251646568,500,500,OK
change,augmented,4,0.105658463795373,-0.00644557272574789,0.0836360981332738,0.107083113748099,-0.0183511828440382,-0.00725442673178611,500,500,OK
change,augmented_minus_original,-8,-0.0265816701183422,-0.0411834661093879,-0.0357709421876776,-0.0120287750585826,-0.0509125603237826,-0.019054976448819,500,500,OK
change,augmented_minus_original,-7,-0.0216713257542178,-0.0362731217452635,-0.0301553093529936,-0.00904573135269573,-0.044598906157587,-0.0164037894099061,500,500,OK
change,augmented_minus_original,-6,-0.0165269031029474,-0.031128699093993,-0.0234263999304947,-0.00588197127696049,-0.0383704972429959,-0.013386982895369,500,500,OK
change,augmented_minus_original,-5,-0.0112092205127189,-0.0258110165037646,-0.0168858795962133,-0.00267220414688946,-0.0309740030306191,-0.0105620802425816,500,500,OK
change,augmented_minus_original,-4,-0.00578305268328946,-0.0203848486743351,-0.0110535281706914,0.000930681477617452,-0.0241472384205348,-0.0081287700591174,500,500,OK
change,augmented_minus_original,-3,-0.000340255525141303,-0.014942051516187,-0.00574954851530246,0.00446132087099897,-0.0171989020760982,-0.00600305964221917,500,500,OK
change,augmented_minus_original,-2,0.00495060991629279,-0.00965118607475289,-0.00130309022102232,0.00879595867241097,-0.0106763206235534,-0.00385074998009677,500,500,OK
change,augmented_minus_original,-1,0.00995515954951273,-0.00464663644153294,0.00200186934364132,0.0130615983937544,-0.00494003673835886,-0.00181041007132553,500,500,OK
change,augmented_minus_original,0,0.0146017959910457,0,0.00439699870626985,0.0173037308555116,0,0,500,500,OK
change,augmented_minus_original,1,0.0189079279260027,0.00430613193495701,0.00693573928033802,0.0209628099534684,0.0015468947182949,0.00432973609952339,500,500,OK
change,augmented_minus_original,2,0.0229414853328631,0.00833968934181743,0.00900261155412484,0.0239019584758599,0.00263711600051645,0.00825346440353638,500,500,OK
change,augmented_minus_original,3,0.0267654814846465,0.0121636854936008,0.0102945569838668,0.0269231233379301,0.00354200177410814,0.0117289097843645,500,500,OK
change,augmented_minus_original,4,0.030436640679162,0.0158348446881163,0.0117855397296142,0.0294329669639372,0.00408672851631996,0.0150903409772741,500,500,OK
history,original,-8,0.124847250141771,0.00744862661358799,0.114418159848545,0.13695965473718,-0.00485143371773671,0.0202668829738312,500,500,OK
history,original,-7,0.123984589420014,0.00658596589183133,0.114306724160654,0.135017961553533,-0.00412621579523738,0.0176898681000244,500,500,OK
history,original,-6,0.1231259007893,0.00572727726111656,0.114290504336351,0.133430495032267,-0.00329812877323256,0.015125192476711,500,500,OK
history,original,-5,0.122257971184362,0.00485934765617933,0.113996409801741,0.131481775939364,-0.00283880158575863,0.0126063944288482,500,500,OK
history,original,-4,0.121368676012202,0.00397005248401852,0.113471060066637,0.130085282090057,-0.00247189651756408,0.0102361624778459,500,500,OK
history,original,-3,0.120447074768017,0.00304845123983422,0.112250717652932,0.128333116470537,-0.00187358314343786,0.00780914369360165,500,500,OK
history,original,-2,0.119483543406482,0.00208491987829855,0.110823955033031,0.127405084611401,-0.00125498417492798,0.00533917673872968,500,500,OK
history,original,-1,0.118469686879234,0.00107106335105109,0.109250396376545,0.126726441826901,-0.000627087623806352,0.00274977564307001,500,500,OK
history,original,0,0.117398623528183,0,0.107659830611727,0.126324866426844,0,0,500,500,OK
history,original,1,0.116264580452346,-0.0011340430758372,0.105203207083237,0.126399597039688,-0.00291032305133801,0.000642410110456007,500,500,OK
history,original,2,0.115063040662353,-0.00233558286583004,0.10253671392416,0.12668247745575,-0.00583897281753932,0.00137060465913674,500,500,OK
history,original,3,0.113790824735457,-0.0036077987927266,0.099883630433852,0.127050284805494,-0.00883351482356091,0.00214479824578232,500,500,OK
history,original,4,0.112446011861472,-0.00495261166671128,0.0971593531344124,0.127294247214142,-0.0119436888854482,0.00299226761278172,500,500,OK
history,augmented,-8,0.122473346592677,0.00264167003351416,0.113811855319079,0.134433016058571,-0.00307586780852186,0.0136250198009208,500,500,OK
history,augmented,-7,0.122252208716406,0.00242053215724321,0.11382282472388,0.13359982316894,-0.00269408441651029,0.0121243628699871,500,500,OK
history,augmented,-6,0.121991287792809,0.00215961123364623,0.113744611589235,0.132852815990257,-0.0023095101833766,0.0105172912472675,500,500,OK
history,augmented,-5,0.121695125628614,0.00186344906945063,0.113475184127355,0.131845409637428,-0.00191974535429176,0.0088495219166378,500,500,OK
history,augmented,-4,0.121368119069809,0.00153644251064605,0.11333316969399,0.130945494484262,-0.00149000740810365,0.00715249312486375,500,500,OK
history,augmented,-3,0.121014469739115,0.00118279317995156,0.112977971178672,0.130232801172534,-0.00115411139785935,0.00544641917410074,500,500,OK
history,augmented,-2,0.120638119853364,0.000806443294200904,0.11227040619999,0.129553456767734,-0.000807157994221909,0.00364849330846037,500,500,OK
history,augmented,-1,0.120242746199656,0.000411069640493339,0.111371199665027,0.12883928701432,-0.000427768523843854,0.00186593927252688,500,500,OK
history,augmented,0,0.119831676559163,0,0.1104548125473,0.128147419458679,0,0,500,500,OK
history,augmented,1,0.119408010128886,-0.000423666430277039,0.10924128738804,0.127527720143782,-0.0019709211344765,0.000441701791601304,500,500,OK
history,augmented,2,0.118974564866765,-0.000857111692397619,0.107584412473711,0.127693043532554,-0.00405202070370232,0.000952342643121393,500,500,OK
history,augmented,3,0.118533858816378,-0.00129781774278542,0.106346169232959,0.127648603655684,-0.00622617381457176,0.00147786541711071,500,500,OK
history,augmented,4,0.118088128299976,-0.0017435482591866,0.104527157571633,0.127839598233233,-0.00846836957264469,0.00210934186211608,500,500,OK
history,augmented_minus_original,-8,-0.00237390354909399,-0.00480695658007382,-0.0085465039415893,0.00685003332224161,-0.0144396991102423,0.00763589637576333,500,500,OK
history,augmented_minus_original,-7,-0.00173238070360829,-0.00416543373458812,-0.00684508284802013,0.00636172076727668,-0.0124229802454716,0.00696234656462557,500,500,OK
history,augmented_minus_original,-6,-0.00113461299649049,-0.00356766602747033,-0.00539693884445971,0.00589436646315315,-0.0106862359793856,0.00622709314033814,500,500,OK
history,augmented_minus_original,-5,-0.00056284555574887,-0.0029958985867287,-0.0043749435988078,0.00496583466584872,-0.00908902964432011,0.0053962076968144,500,500,OK
history,augmented_minus_original,-4,-5.56942392634929e-07,-0.00243360997337247,-0.00343916834100866,0.00485994807735617,-0.00736396325135357,0.00444143165932969,500,500,OK
history,augmented_minus_original,-3,0.000567394971097174,-0.00186565805988266,-0.00287964218968622,0.00500685129041217,-0.00549812541317597,0.00345537453082857,500,500,OK
history,augmented_minus_original,-2,0.00115457644688219,-0.00127847658409765,-0.00290775719656391,0.00567072168683893,-0.00365796702275449,0.00238807108281244,500,500,OK
history,augmented_minus_original,-1,0.00177305932042209,-0.000659993710557749,-0.00341472641084129,0.00651344297733741,-0.0018589905056068,0.00123316273314143,500,500,OK
history,augmented_minus_original,0,0.00243305303097983,0,-0.00402187169459666,0.00775853913470431,0,0,500,500,OK
history,augmented_minus_original,1,0.00314342967653999,0.00071037664556016,-0.0045978135896931,0.00924084402688898,-0.00129026024077532,0.00193151293879191,500,500,OK
history,augmented_minus_original,2,0.00391152420441225,0.00147847117343242,-0.00558156323347994,0.0106146187919528,-0.00267308266404229,0.00385770290532403,500,500,OK
history,augmented_minus_original,3,0.00474303408092101,0.00230998104994118,-0.00651201399768302,0.0122388880466047,-0.00411340638573473,0.00579177586202904,500,500,OK
history,augmented_minus_original,4,0.00564211643850451,0.00320906340752468,-0.00774597119046541,0.0139613225884732,-0.00558361617900411,0.00790685578413938,500,500,OK
