"fraction","outer","inner","role","participants","events"
0.5,1,0,"outer_train","2530","270"
0.5,1,0,"outer_evaluation","1260","150"
0.5,1,1,"inner_train","1690","180"
0.5,1,1,"inner_evaluation","840","90"
0.5,1,2,"inner_train","1690","180"
0.5,1,2,"inner_evaluation","840","90"
0.5,1,3,"inner_train","1690","180"
0.5,1,3,"inner_evaluation","840","90"
0.5,2,0,"outer_train","2540","300"
0.5,2,0,"outer_evaluation","1260","150"
0.5,2,1,"inner_train","1690","200"
0.5,2,1,"inner_evaluation","840","100"
0.5,2,2,"inner_train","1690","200"
0.5,2,2,"inner_evaluation","840","100"
0.5,2,3,"inner_train","1690","200"
0.5,2,3,"inner_evaluation","850","100"
0.5,3,0,"outer_train","2520","300"
0.5,3,0,"outer_evaluation","1260","150"
0.5,3,1,"inner_train","1680","200"
0.5,3,1,"inner_evaluation","840","100"
0.5,3,2,"inner_train","1680","200"
0.5,3,2,"inner_evaluation","840","100"
0.5,3,3,"inner_train","1680","200"
0.5,3,3,"inner_evaluation","840","100"
0.5,4,0,"outer_train","2540","300"
0.5,4,0,"outer_evaluation","1260","150"
0.5,4,1,"inner_train","1700","200"
0.5,4,1,"inner_evaluation","850","100"
0.5,4,2,"inner_train","1700","200"
0.5,4,2,"inner_evaluation","850","100"
0.5,4,3,"inner_train","1700","200"
0.5,4,3,"inner_evaluation","850","100"
0.5,5,0,"outer_train","2530","310"
0.5,5,0,"outer_evaluation","1260","150"
0.5,5,1,"inner_train","1690","210"
0.5,5,1,"inner_evaluation","840","100"
0.5,5,2,"inner_train","1690","210"
0.5,5,2,"inner_evaluation","850","100"
0.5,5,3,"inner_train","1690","210"
0.5,5,3,"inner_evaluation","840","100"
0.75,1,0,"outer_train","3790","440"
0.75,1,0,"outer_evaluation","1260","150"
0.75,1,1,"inner_train","2530","290"
0.75,1,1,"inner_evaluation","1260","150"
0.75,1,2,"inner_train","2530","290"
0.75,1,2,"inner_evaluation","1260","150"
0.75,1,3,"inner_train","2530","290"
0.75,1,3,"inner_evaluation","1260","150"
0.75,2,0,"outer_train","3800","460"
0.75,2,0,"outer_evaluation","1260","150"
0.75,2,1,"inner_train","2530","300"
0.75,2,1,"inner_evaluation","1260","150"
0.75,2,2,"inner_train","2530","300"
0.75,2,2,"inner_evaluation","1260","150"
0.75,2,3,"inner_train","2530","300"
0.75,2,3,"inner_evaluation","1270","150"
0.75,3,0,"outer_train","3780","450"
0.75,3,0,"outer_evaluation","1260","150"
0.75,3,1,"inner_train","2520","300"
0.75,3,1,"inner_evaluation","1260","150"
0.75,3,2,"inner_train","2520","300"
0.75,3,2,"inner_evaluation","1260","150"
0.75,3,3,"inner_train","2520","300"
0.75,3,3,"inner_evaluation","1260","150"
0.75,4,0,"outer_train","3790","450"
0.75,4,0,"outer_evaluation","1260","150"
0.75,4,1,"inner_train","2530","300"
0.75,4,1,"inner_evaluation","1260","150"
0.75,4,2,"inner_train","2530","300"
0.75,4,2,"inner_evaluation","1260","150"
0.75,4,3,"inner_train","2530","300"
0.75,4,3,"inner_evaluation","1260","150"
0.75,5,0,"outer_train","3800","450"
0.75,5,0,"outer_evaluation","1260","150"
0.75,5,1,"inner_train","2540","300"
0.75,5,1,"inner_evaluation","1270","150"
0.75,5,2,"inner_train","2540","300"
0.75,5,2,"inner_evaluation","1270","150"
0.75,5,3,"inner_train","2530","300"
0.75,5,3,"inner_evaluation","1270","150"
1,1,0,"outer_train","5040","600"
1,1,0,"outer_evaluation","1260","150"
1,1,1,"inner_train","3360","400"
1,1,1,"inner_evaluation","1680","200"
1,1,2,"inner_train","3360","400"
1,1,2,"inner_evaluation","1680","200"
1,1,3,"inner_train","3360","400"
1,1,3,"inner_evaluation","1680","200"
1,2,0,"outer_train","5050","600"
1,2,0,"outer_evaluation","1260","150"
1,2,1,"inner_train","3360","400"
1,2,1,"inner_evaluation","1680","200"
1,2,2,"inner_train","3360","400"
1,2,2,"inner_evaluation","1680","200"
1,2,3,"inner_train","3360","400"
1,2,3,"inner_evaluation","1680","200"
1,3,0,"outer_train","5050","600"
1,3,0,"outer_evaluation","1260","150"
1,3,1,"inner_train","3360","400"
1,3,1,"inner_evaluation","1680","200"
1,3,2,"inner_train","3360","400"
1,3,2,"inner_evaluation","1680","200"
1,3,3,"inner_train","3360","400"
1,3,3,"inner_evaluation","1680","200"
1,4,0,"outer_train","5050","600"
1,4,0,"outer_evaluation","1260","150"
1,4,1,"inner_train","3360","400"
1,4,1,"inner_evaluation","1680","200"
1,4,2,"inner_train","3360","400"
1,4,2,"inner_evaluation","1680","200"
1,4,3,"inner_train","3360","400"
1,4,3,"inner_evaluation","1680","200"
1,5,0,"outer_train","5040","600"
1,5,0,"outer_evaluation","1260","150"
1,5,1,"inner_train","3360","400"
1,5,1,"inner_evaluation","1680","200"
1,5,2,"inner_train","3360","400"
1,5,2,"inner_evaluation","1680","200"
1,5,3,"inner_train","3360","400"
1,5,3,"inner_evaluation","1680","200"
