fraction,fold,model,target,arm,ratio,training_n_rounded,training_events_rounded,inner_log_score,failed_fits,attempted_fits,parameter
1,1,weibull,current,original,0,5040,600,-0.626803003941695,0,3,
1,1,neural,current,original,0,5040,600,-0.628433371049302,0,12,hidden=8;lambda=0.01;maxit=600
1,1,xgboost,current,original,0,5040,600,-0.634874126670541,0,24,depth=2;rounds=200;scale=0.7
1,1,weibull,prior,original,0,5040,600,-0.626974844116057,0,3,
1,1,neural,prior,original,0,5040,600,-0.628625814602543,0,12,hidden=8;lambda=0.01;maxit=600
1,1,xgboost,prior,original,0,5040,600,-0.63557574563385,0,24,depth=2;rounds=200;scale=0.7
1,1,weibull,current,augmented,0.5,5040,600,-0.629112294916322,0,6,
1,1,neural,current,augmented,0.5,5040,600,-0.632885731943631,0,24,hidden=8;lambda=0.01;maxit=600
1,1,xgboost,current,augmented,0.5,5040,600,-0.635693980320941,0,48,depth=2;rounds=200;scale=0.7
1,1,weibull,prior,augmented,0.5,5040,600,-0.629858370145726,0,6,
1,1,neural,prior,augmented,0.5,5040,600,-0.633411958095511,0,24,hidden=8;lambda=0.01;maxit=600
1,1,xgboost,prior,augmented,0.5,5040,600,-0.638697988516473,0,48,depth=2;rounds=200;scale=0.7
1,2,weibull,current,original,0,5050,600,-0.623921151033348,0,3,
1,2,neural,current,original,0,5050,600,-0.625162106502739,0,12,hidden=8;lambda=0.01;maxit=600
1,2,xgboost,current,original,0,5050,600,-0.627647386678187,0,24,depth=2;rounds=200;scale=0.7
1,2,weibull,prior,original,0,5050,600,-0.624319434457392,0,3,
1,2,neural,prior,original,0,5050,600,-0.625235469513141,0,12,hidden=8;lambda=0.01;maxit=600
1,2,xgboost,prior,original,0,5050,600,-0.628284237078543,0,24,depth=2;rounds=200;scale=0.7
1,2,weibull,current,augmented,0.5,5050,600,-0.626599987684972,0,6,
1,2,neural,current,augmented,0.5,5050,600,-0.629177964379976,0,24,hidden=8;lambda=0.01;maxit=600
1,2,xgboost,current,augmented,0.5,5050,600,-0.630715487982993,0,48,depth=2;rounds=200;scale=0.7
1,2,weibull,prior,augmented,0.5,5050,600,-0.626575940823681,0,6,
1,2,neural,prior,augmented,0.5,5050,600,-0.629252563799365,0,24,hidden=8;lambda=0.01;maxit=600
1,2,xgboost,prior,augmented,0.5,5050,600,-0.632198919856531,0,48,depth=2;rounds=200;scale=0.7
1,3,weibull,current,original,0,5050,600,-0.622751011745449,0,3,
1,3,neural,current,original,0,5050,600,-0.62527146349378,0,12,hidden=8;lambda=0.01;maxit=600
1,3,xgboost,current,original,0,5050,600,-0.631035796916201,0,24,depth=2;rounds=200;scale=0.7
1,3,weibull,prior,original,0,5050,600,-0.624605690254459,0,3,
1,3,neural,prior,original,0,5050,600,-0.625526612340248,0,12,hidden=8;lambda=0.01;maxit=600
1,3,xgboost,prior,original,0,5050,600,-0.631892111094695,0,24,depth=2;rounds=200;scale=0.7
1,3,weibull,current,augmented,0.5,5050,600,-0.625536003271588,0,6,
1,3,neural,current,augmented,0.5,5050,600,-0.629858470291745,0,24,hidden=8;lambda=0.01;maxit=600
1,3,xgboost,current,augmented,0.5,5050,600,-0.634976106398964,0,48,depth=2;rounds=200;scale=0.7
1,3,weibull,prior,augmented,0.5,5050,600,-0.626677178381549,0,6,
1,3,neural,prior,augmented,0.5,5050,600,-0.629900472168314,0,24,hidden=8;lambda=0.01;maxit=600
1,3,xgboost,prior,augmented,0.5,5050,600,-0.635567268331693,0,48,depth=2;rounds=200;scale=0.7
1,4,weibull,current,original,0,5050,600,-0.630506859633987,0,3,
1,4,neural,current,original,0,5050,600,-0.633128916654205,0,12,hidden=8;lambda=0.01;maxit=600
1,4,xgboost,current,original,0,5050,600,-0.634966171904081,0,24,depth=2;rounds=200;scale=0.7
1,4,weibull,prior,original,0,5050,600,-0.630703504483691,0,3,
1,4,neural,prior,original,0,5050,600,-0.633305243443662,0,12,hidden=8;lambda=0.01;maxit=600
1,4,xgboost,prior,original,0,5050,600,-0.637548285296523,0,24,depth=2;rounds=200;scale=0.7
1,4,weibull,current,augmented,0.5,5050,600,-0.63285950239321,0,6,
1,4,neural,current,augmented,0.5,5050,600,-0.637867832424512,0,24,hidden=8;lambda=0.01;maxit=600
1,4,xgboost,current,augmented,0.5,5050,600,-0.638897187636706,0,48,depth=2;rounds=200;scale=0.7
1,4,weibull,prior,augmented,0.5,5050,600,-0.633234641352828,0,6,
1,4,neural,prior,augmented,0.5,5050,600,-0.63801450947103,0,24,hidden=8;lambda=0.01;maxit=600
1,4,xgboost,prior,augmented,0.5,5050,600,-0.641007948659292,0,48,depth=2;rounds=200;scale=0.7
1,5,weibull,current,original,0,5040,600,-0.622812095154898,0,3,
1,5,neural,current,original,0,5040,600,-0.623435289959793,0,12,hidden=8;lambda=0.01;maxit=600
1,5,xgboost,current,original,0,5040,600,-0.625775357573167,0,24,depth=2;rounds=200;scale=0.7
1,5,weibull,prior,original,0,5040,600,-0.623877831403603,0,3,
1,5,neural,prior,original,0,5040,600,-0.62351028264463,0,12,hidden=8;lambda=0.01;maxit=600
1,5,xgboost,prior,original,0,5040,600,-0.627072525851917,0,24,depth=2;rounds=200;scale=0.7
1,5,weibull,current,augmented,0.5,5040,600,-0.624867148061101,0,6,
1,5,neural,current,augmented,0.5,5040,600,-0.627048713502012,0,24,hidden=8;lambda=0.01;maxit=600
1,5,xgboost,current,augmented,0.5,5040,600,-0.629709869290874,0,48,depth=2;rounds=200;scale=0.7
1,5,weibull,prior,augmented,1,5040,600,-0.626445663555081,0,6,
1,5,neural,prior,augmented,0.5,5040,600,-0.62799135019464,0,24,hidden=8;lambda=0.01;maxit=600
1,5,xgboost,prior,augmented,0.5,5040,600,-0.630579545013276,0,48,depth=2;rounds=200;scale=0.7
